waste_material , art_project
Plastic bottle , Water bottle planter
Plastic bottle , Bottle cap mosaic
Plastic bottle , Plastic bottle wind spinner
Plastic bottle , Bottle bottom stamp art
Plastic bottle , Plastic bottle bird feeder
Plastic bottle , Bottle top organizer
Plastic bottle , Plastic bottle lamp shade
Plastic bottle , Bottle bottom flower art
Plastic bottle , Plastic bottle piggy bank
Plastic bottle , Bottle sleeve pencil holder
Plastic bottle , Plastic bottle vase
Plastic bottle , Bottle cap curtain
Plastic bottle , Plastic bottle greenhouse
Plastic bottle , Bottle bottom suncatcher
Plastic bottle , Plastic bottle watering can
Plastic bottle , Bottle cap table top
Plastic bottle , Plastic bottle chandelier
Plastic bottle , Bottle sprinkler
Plastic bottle , Plastic bottle boat
Plastic bottle , Bottle cap checkers game
Plastic bottle , Plastic bottle self-watering planter
Plastic bottle , Bottle cap art mural
Plastic bottle , Plastic bottle vertical garden
Plastic bottle , Bottle bottom jewelry stand
Plastic bottle , Plastic bottle terrarium
Plastic bottle , Bottle cap wind chimes
Plastic bottle , Plastic bottle outdoor lantern
Plastic bottle , Bottle bottom paint palette
Plastic bottle , Plastic bottle rain gauge
Plastic bottle , Bottle cap picture frame
Plastic bottle , Plastic bottle bird house
Plastic bottle , Bottle bottom spinning top
Plastic bottle , Plastic bottle funnel
Plastic bottle , Bottle cap mosaic stepping stone
Plastic bottle , Plastic bottle hour glass
Plastic bottle , Bottle bottom kaleidoscope
Plastic bottle , Plastic bottle soap dispenser
Plastic bottle , Bottle cap checkerboard
Plastic bottle , Plastic bottle mini greenhouse
Plastic bottle , Bottle bottom candle holder
Plastic bottle , Plastic bottle desk organizer
Plastic bottle , Bottle cap wall clock
Plastic bottle , Plastic bottle snow globe
Plastic bottle , Bottle bottom cookie cutter
Plastic bottle , Plastic bottle hanging planter
Plastic bottle , Bottle cap trivet
Plastic bottle , Plastic bottle coin bank
Plastic bottle , Bottle bottom drip irrigation system
Plastic bottle , Plastic bottle luminaria
Cloth , Patchwork quilt
Cloth , Fabric wall hanging
Cloth , Cloth napkins set
Cloth , Upcycled fabric tote bag
Cloth , Fabric covered journal
Cloth , Cloth doll
Cloth , Fabric bunting
Cloth , Rag rug
Cloth , Fabric covered lampshade
Cloth , Cloth book cover
Cloth , Fabric flower bouquet
Cloth , Upcycled denim pillow
Cloth , Fabric wrapped bangles
Cloth , Cloth face masks
Cloth , Fabric covered headboard
Cloth , Patchwork pet bed
Cloth , Cloth grocery bags
Cloth , Fabric covered storage boxes
Cloth , Cloth coasters
Cloth , Fabric wrapped wreath
Cloth , Upcycled t-shirt quilt
Cloth , Fabric bookmarks
Cloth , Cloth produce bags
Cloth , Fabric covered cork board
Cloth , Patchwork table runner
Cloth , Cloth gift wrap
Cloth , Fabric covered photo album
Cloth , Upcycled denim organizer
Cloth , Cloth wall pocket organizer
Cloth , Fabric covered plant pots
Cloth , Patchwork throw pillow
Cloth , Cloth sandwich wraps
Cloth , Fabric covered notebook
Cloth , Upcycled sweater mittens
Cloth , Cloth wine gift bag
Cloth , Fabric covered picture frames
Cloth , Patchwork laptop sleeve
Cloth , Cloth drawstring bags
Cloth , Fabric covered waste basket
Cloth , Upcycled shirt apron
Cloth , Cloth tea cozy
Cloth , Fabric covered pencil holder
Cloth , Patchwork pot holders
Cloth , Cloth shoe bags
Cloth , Fabric covered memo board
Cloth , Upcycled necktie purse
Cloth , Cloth lunch bag
Cloth , Fabric covered tissue box
Cloth , Patchwork Christmas stocking
Cloth , Cloth reusable gift tags
Straw , Straw wreath
Straw , Straw hat decoration
Straw , Straw bale garden planter
Straw , Straw scarecrow
Straw , Straw basket
Straw , Straw picture frame
Straw , Straw doll
Straw , Straw broom
Straw , Straw coasters
Straw , Straw place mats
Straw , Straw ornaments
Straw , Straw wall hanging
Straw , Straw bird's nest
Straw , Straw sun catcher
Straw , Straw lampshade
Straw , Straw flower pot cover
Straw , Straw tote bag
Straw , Straw door mat
Straw , Straw table centerpiece
Straw , Straw animal figurines
Straw , Straw dream catcher
Straw , Straw book cover
Straw , Straw wind chimes
Straw , Straw Christmas tree
Straw , Straw photo album cover
Straw , Straw pencil holder
Straw , Straw napkin rings
Straw , Straw gift box
Straw , Straw fan
Straw , Straw trivet
Straw , Straw wall clock
Straw , Straw jewelry box
Straw , Straw Easter basket
Straw , Straw Halloween decorations
Straw , Straw nativity scene
Straw , Straw beach bag
Straw , Straw plant hanger
Straw , Straw bottle cover
Straw , Straw table runner
Straw , Straw puppet
Straw , Straw garland
Straw , Straw vase
Straw , Straw candle holder
Straw , Straw mirror frame
Straw , Straw key holder
Straw , Straw bookmark
Straw , Straw letter organizer
Straw , Straw tissue box cover
Straw , Straw wall pocket organizer
Straw , Straw decorative bowl
CD , CD mosaic wall art
CD , CD wind spinner
CD , CD coasters
CD , CD clock
CD , CD photo frame
CD , CD disco ball
CD , CD suncatcher
CD , CD table centerpiece
CD , CD garden ornament
CD , CD lampshade
CD , CD curtain
CD , CD jewelry
CD , CD bird scarer
CD , CD mirror frame
CD , CD candle holder
CD , CD Christmas tree ornament
CD , CD wall hanging
CD , CD drink coaster
CD , CD room divider
CD , CD light reflector
CD , CD planter decoration
CD , CD mobile
CD , CD table runner
CD , CD door curtain
CD , CD car visor organizer
CD , CD dream catcher
CD , CD Halloween costume accessory
CD , CD book cover decoration
CD , CD gift box decoration
CD , CD napkin ring
CD , CD window decoration
CD , CD plant pot decoration
CD , CD party backdrop
CD , CD snowflake ornament
CD , CD wall clock
CD , CD picture frame
CD , CD mandala art
CD , CD room light fixture
CD , CD garden path marker
CD , CD business card holder
CD , CD pencil holder decoration
CD , CD refrigerator magnet
CD , CD table mat
CD , CD wall mirror
CD , CD key holder
CD , CD decorative bowl
CD , CD chandelier
CD , CD Valentine's Day heart decoration
CD , CD Easter egg decoration
CD , CD abstract wall sculpture
Coconut shell , Coconut shell planter
Coconut shell , Coconut shell bird feeder
Coconut shell , Coconut shell candle holder
Coconut shell , Coconut shell bowl
Coconut shell , Coconut shell wind chimes
Coconut shell , Coconut shell jewelry box
Coconut shell , Coconut shell lamp
Coconut shell , Coconut shell musical instrument
Coconut shell , Coconut shell soap dish
Coconut shell , Coconut shell wall art
Coconut shell , Coconut shell buttons
Coconut shell , Coconut shell purse
Coconut shell , Coconut shell mask
Coconut shell , Coconut shell Christmas ornament
Coconut shell , Coconut shell serving spoon
Coconut shell , Coconut shell turtle sculpture
Coconut shell , Coconut shell succulent planter
Coconut shell , Coconut shell birdhouse
Coconut shell , Coconut shell tea light holder
Coconut shell , Coconut shell necklace pendant
Coconut shell , Coconut shell wall clock
Coconut shell , Coconut shell flower vase
Coconut shell , Coconut shell keychain
Coconut shell , Coconut shell napkin holder
Coconut shell , Coconut shell piggy bank
Coconut shell , Coconut shell photo frame
Coconut shell , Coconut shell salt and pepper shaker
Coconut shell , Coconut shell incense holder
Coconut shell , Coconut shell hair clip
Coconut shell , Coconut shell coasters
Coconut shell , Coconut shell decorative mirror
Coconut shell , Coconut shell hanging planter
Coconut shell , Coconut shell door knob
Coconut shell , Coconut shell table centerpiece
Coconut shell , Coconut shell bookends
Coconut shell , Coconut shell pencil holder
Coconut shell , Coconut shell fish tank decoration
Coconut shell , Coconut shell garden stepping stone
Coconut shell , Coconut shell drawer pull
Coconut shell , Coconut shell wall sconce
Coconut shell , Coconut shell toothbrush holder
Coconut shell , Coconut shell earrings
Coconut shell , Coconut shell decorative bowl
Coconut shell , Coconut shell business card holder
Coconut shell , Coconut shell curtain tie-back
Coconut shell , Coconut shell fairy house
Coconut shell , Coconut shell mobile
Coconut shell , Coconut shell terrarium
Coconut shell , Coconut shell wall hook
Coconut shell , Coconut shell decorative mosaic
Plastic , Plastic bottle planters
Plastic , Plastic bag woven basket
Plastic , Plastic bottle wind spinner
Plastic , Plastic cap mosaic
Plastic , Plastic straw lampshade
Plastic , Plastic bottle bird feeder
Plastic , Plastic bag pom-pom rug
Plastic , Plastic cutlery wall art
Plastic , Plastic bottle self-watering planter
Plastic , Plastic lid mandala
Plastic , Plastic bottle vertical garden
Plastic , Plastic bag plarn crochet bag
Plastic , Plastic cup light garland
Plastic , Plastic bottle piggy bank
Plastic , Plastic straw wreath
Plastic , Plastic container organizer
Plastic , Plastic bottle chandelier
Plastic , Plastic bag stuffed toys
Plastic , Plastic spoon mirror frame
Plastic , Plastic bottle greenhouse
Plastic , Plastic cap checkerboard
Plastic , Plastic straw jewelry
Plastic , Plastic bottle watering can
Plastic , Plastic bag fused fabric
Plastic , Plastic fork garden markers
Plastic , Plastic bottle outdoor lantern
Plastic , Plastic lid coasters
Plastic , Plastic straw wall hanging
Plastic , Plastic bottle sprinkler
Plastic , Plastic bag kite
Plastic , Plastic cup tower sculpture
Plastic , Plastic bottle terrarium
Plastic , Plastic bag weaved doormat
Plastic , Plastic spoon flower art
Plastic , Plastic bottle rain gauge
Plastic , Plastic cap curtain
Plastic , Plastic straw picture frame
Plastic , Plastic container mini greenhouse
Plastic , Plastic bottle desk organizer
Plastic , Plastic bag braided jump rope
Plastic , Plastic fork wall clock
Plastic , Plastic bottle snow globe
Plastic , Plastic lid suncatcher
Plastic , Plastic straw dream catcher
Plastic , Plastic container drum set
Plastic , Plastic bottle marble run
Plastic , Plastic bag woven hat
Plastic , Plastic spoon lamp
Plastic , Plastic bottle floating garden
Plastic , Plastic cap table top mosaic
Cups , Cup tower sculpture
Cups , Cup lampshade
Cups , Cup wind chimes
Cups , Cup garland
Cups , Cup planters
Cups , Cup organizer
Cups , Cup string lights
Cups , Cup wall art
Cups , Cup advent calendar
Cups , Cup party decorations
Cups , Cup snowman
Cups , Cup bird feeder
Cups , Cup pencil holder
Cups , Cup Christmas tree
Cups , Cup flower bouquet
Cups , Cup mask
Cups , Cup castle
Cups , Cup telephone
Cups , Cup musical instrument
Cups , Cup robot
Cups , Cup wreath
Cups , Cup mosaic
Cups , Cup dollhouse furniture
Cups , Cup hat
Cups , Cup jewelry stand
Cups , Cup clock
Cups , Cup photo frame
Cups , Cup gift box
Cups , Cup piggy bank
Cups , Cup chandelier
Cups , Cup party game
Cups , Cup costume accessory
Cups , Cup desk organizer
Cups , Cup candle holder
Cups , Cup fairy house
Cups , Cup marble run
Cups , Cup pinata
Cups , Cup diorama
Cups , Cup puppet
Cups , Cup vase
Cups , Cup rain gauge
Cups , Cup kaleidoscope
Cups , Cup speaker amplifier
Cups , Cup tiered tray
Cups , Cup suncatcher
Cups , Cup mobile
Cups , Cup terrarium
Cups , Cup light diffuser
Cups , Cup party favor
Cups , Cup time capsule
Cardboard , Cardboard furniture
Cardboard , Cardboard dollhouse
Cardboard , Cardboard castle
Cardboard , Cardboard mask
Cardboard , Cardboard picture frame
Cardboard , Cardboard wall art
Cardboard , Cardboard sculpture
Cardboard , Cardboard costume
Cardboard , Cardboard board game
Cardboard , Cardboard book binding
Cardboard , Cardboard jewelry box
Cardboard , Cardboard room divider
Cardboard , Cardboard play kitchen
Cardboard , Cardboard car
Cardboard , Cardboard puppet theater
Cardboard , Cardboard guitar
Cardboard , Cardboard city model
Cardboard , Cardboard photo album
Cardboard , Cardboard maze
Cardboard , Cardboard pinata
Cardboard , Cardboard clock
Cardboard , Cardboard shadow box
Cardboard , Cardboard desk organizer
Cardboard , Cardboard toy theater
Cardboard , Cardboard dinosaur
Cardboard , Cardboard robot
Cardboard , Cardboard periscope
Cardboard , Cardboard diorama
Cardboard , Cardboard gift box
Cardboard , Cardboard lamp
Cardboard , Cardboard tablet stand
Cardboard , Cardboard play food
Cardboard , Cardboard train set
Cardboard , Cardboard piggy bank
Cardboard , Cardboard advent calendar
Cardboard , Cardboard play camera
Cardboard , Cardboard toy sword
Cardboard , Cardboard play computer
Cardboard , Cardboard play phone
Cardboard , Cardboard play cash register
Cardboard , Cardboard play mailbox
Cardboard , Cardboard play toolbox
Cardboard , Cardboard play telescope
Cardboard , Cardboard play binoculars
Cardboard , Cardboard play projector
Cardboard , Cardboard play steering wheel
Cardboard , Cardboard play washing machine
Cardboard , Cardboard play refrigerator
Cardboard , Cardboard play oven
Cardboard , Cardboard play vending machine
Socks , Sock puppet
Socks , Sock snowman
Socks , Sock bunny
Socks , Sock cat
Socks , Sock dog
Socks , Sock monkey
Socks , Sock snake
Socks , Sock owl
Socks , Sock octopus
Socks , Sock unicorn
Socks , Sock dragon
Socks , Sock elephant
Socks , Sock giraffe
Socks , Sock penguin
Socks , Sock bear
Socks , Sock doll
Socks , Sock hand warmers
Socks , Sock rice heating pad
Socks , Sock ball
Socks , Sock hacky sack
Socks , Sock koala
Socks , Sock fox
Socks , Sock lion
Socks , Sock tiger
Socks , Sock zebra
Socks , Sock panda
Socks , Sock frog
Socks , Sock mop cover
Socks , Sock drink cozy
Socks , Sock pot holder
Socks , Sock pin cushion
Socks , Sock stress ball
Socks , Sock bookworm
Socks , Sock pencil case
Socks , Sock phone case
Socks , Sock glasses case
Socks , Sock arm warmers
Socks , Sock leg warmers
Socks , Sock wrist band
Socks , Sock headband
Socks , Sock scarf
Socks , Sock fingerless gloves
Socks , Sock door draft stopper
Socks , Sock plant hanger
Socks , Sock wall organizer
Socks , Sock rug
Socks , Sock pillow
Socks , Sock wreath
Socks , Sock garland
Socks , Sock advent calendar
Newspaper , Newspaper origami
Newspaper , Newspaper basket
Newspaper , Newspaper wall art
Newspaper , Newspaper beads
Newspaper , Newspaper gift wrap
Newspaper , Newspaper papier-mâché
Newspaper , Newspaper rolled vase
Newspaper , Newspaper picture frame
Newspaper , Newspaper flower bouquet
Newspaper , Newspaper hat
Newspaper , Newspaper seed starter pots
Newspaper , Newspaper collage
Newspaper , Newspaper decoupage
Newspaper , Newspaper pinata
Newspaper , Newspaper woven placemat
Newspaper , Newspaper pencil holder
Newspaper , Newspaper lampshade
Newspaper , Newspaper wreath
Newspaper , Newspaper coasters
Newspaper , Newspaper gift bow
Newspaper , Newspaper party decorations
Newspaper , Newspaper sculpture
Newspaper , Newspaper book cover
Newspaper , Newspaper jewelry
Newspaper , Newspaper wall hanging
Newspaper , Newspaper table runner
Newspaper , Newspaper garland
Newspaper , Newspaper mask
Newspaper , Newspaper gift bag
Newspaper , Newspaper wall pocket organizer
Newspaper , Newspaper rolled art
Newspaper , Newspaper party hat
Newspaper , Newspaper fortune teller
Newspaper , Newspaper fan
Newspaper , Newspaper photo backdrop
Newspaper , Newspaper dress form
Newspaper , Newspaper room divider
Newspaper , Newspaper Christmas tree
Newspaper , Newspaper snowflakes
Newspaper , Newspaper mobile
Newspaper , Newspaper paper airplane
Newspaper , Newspaper boat
Newspaper , Newspaper kite
Newspaper , Newspaper paper doll
Newspaper , Newspaper paper chain
Newspaper , Newspaper paper mache globe
Newspaper , Newspaper paper shoes
Newspaper , Newspaper paper wig
Newspaper , Newspaper paper costume
Newspaper , Newspaper paper mosaic
Books , Book sculpture
Books , Book page wreath
Books , Book clock
Books , Book planter
Books , Book purse
Books , Book safe
Books , Book lamp
Books , Book picture frame
Books , Book wall art
Books , Book jewelry box
Books , Book end table
Books , Book paper flowers
Books , Book page origami
Books , Book page garland
Books , Book page butterfly art
Books , Book spine bookmarks
Books , Book page coasters
Books , Book page gift tags
Books , Book page confetti
Books , Book page mobile
Books , Book page Christmas tree
Books , Book page snowflakes
Books , Book page pinwheel
Books , Book page fan
Books , Book page bunting
Books , Book page paper beads
Books , Book page decoupage
Books , Book page collage
Books , Book spine poetry
Books , Book page paper airplane
Books , Book page paper boat
Books , Book page paper doll
Books , Book page paper chain
Books , Book page paper mache
Books , Book page paper shoes
Books , Book page paper wig
Books , Book page paper mask
Books , Book page paper crown
Books , Book page paper lantern
Books , Book page paper quilling
Books , Book page paper weaving
Books , Book page paper mosaic
Books , Book page paper feathers
Books , Book page paper leaves
Books , Book page paper stars
Books , Book page paper hearts
Books , Book page paper flowers
Books , Book page paper animals
Books , Book page paper house
Books , Book page paper city
Photoframe , Photoframe jewelry organizer
Photoframe , Photoframe serving tray
Photoframe , Photoframe chalkboard
Photoframe , Photoframe succulent planter
Photoframe , Photoframe cork board
Photoframe , Photoframe mirror
Photoframe , Photoframe dry erase board
Photoframe , Photoframe earring holder
Photoframe , Photoframe key holder
Photoframe , Photoframe terrarium
Photoframe , Photoframe shadow box
Photoframe , Photoframe clock
Photoframe , Photoframe memo board
Photoframe , Photoframe wall organizer
Photoframe , Photoframe table number
Photoframe , Photoframe menu board
Photoframe , Photoframe window pane
Photoframe , Photoframe room divider
Photoframe , Photoframe bulletin board
Photoframe , Photoframe herb garden
Photoframe , Photoframe jewelry display
Photoframe , Photoframe magnetic board
Photoframe , Photoframe hair bow holder
Photoframe , Photoframe sunglasses organizer
Photoframe , Photoframe necklace display
Photoframe , Photoframe bracelet holder
Photoframe , Photoframe scarf organizer
Photoframe , Photoframe tie rack
Photoframe , Photoframe belt holder
Photoframe , Photoframe headband organizer
Photoframe , Photoframe sock organizer
Photoframe , Photoframe glove display
Photoframe , Photoframe hat rack
Photoframe , Photoframe shoe organizer
Photoframe , Photoframe purse display
Photoframe , Photoframe watch holder
Photoframe , Photoframe ring display
Photoframe , Photoframe cufflink organizer
Photoframe , Photoframe tie clip holder
Photoframe , Photoframe makeup organizer
Photoframe , Photoframe nail polish rack
Photoframe , Photoframe perfume tray
Photoframe , Photoframe toiletry organizer
Photoframe , Photoframe spice rack
Photoframe , Photoframe tea bag holder
Photoframe , Photoframe coffee pod organizer
Photoframe , Photoframe recipe card holder
Photoframe , Photoframe wine glass rack
Photoframe , Photoframe utensil organizer
Photoframe , Photoframe napkin holder
Utensils , Utensil wind chimes
Utensils , Utensil wall clock
Utensils , Utensil sculpture
Utensils , Utensil chandelier
Utensils , Utensil garden markers
Utensils , Utensil jewelry
Utensils , Utensil coat rack
Utensils , Utensil mirror frame
Utensils , Utensil candle holder
Utensils , Utensil napkin rings
Utensils , Utensil picture frame
Utensils , Utensil key holder
Utensils , Utensil drawer pulls
Utensils , Utensil wall art
Utensils , Utensil plant hanger
Utensils , Utensil bookends
Utensils , Utensil lamp base
Utensils , Utensil curtain tie-backs
Utensils , Utensil business card holder
Utensils , Utensil table centerpiece
Utensils , Utensil door knocker
Utensils , Utensil towel rack
Utensils , Utensil paper weight
Utensils , Utensil cake stand
Utensils , Utensil trivet
Utensils , Utensil bottle opener
Utensils , Utensil Christmas ornaments
Utensils , Utensil mobile
Utensils , Utensil garden fence
Utensils , Utensil bird feeder
Utensils , Utensil wind spinner
Utensils , Utensil letter organizer
Utensils , Utensil pen holder
Utensils , Utensil memo clip
Utensils , Utensil photo holder
Utensils , Utensil table number stand
Utensils , Utensil place card holder
Utensils , Utensil menu stand
Utensils , Utensil book mark
Utensils , Utensil hair accessory
Utensils , Utensil belt buckle
Utensils , Utensil bag charm
Utensils , Utensil hat pin
Utensils , Utensil cuff links
Utensils , Utensil tie clip
Utensils , Utensil brooch
Utensils , Utensil keychain
Utensils , Utensil zipper pull
Utensils , Utensil shoe clips
Utensils , Utensil guitar pick
Broken mirror , Mosaic wall art
Broken mirror , Mosaic flower pot
Broken mirror , Mosaic table top
Broken mirror , Mosaic picture frame
Broken mirror , Mosaic bird bath
Broken mirror , Mosaic garden stepping stone
Broken mirror , Mosaic vase
Broken mirror , Mosaic mirror frame
Broken mirror , Mosaic jewelry box
Broken mirror , Mosaic candle holder
Broken mirror , Mosaic clock
Broken mirror , Mosaic coasters
Broken mirror , Mosaic serving tray
Broken mirror , Mosaic house numbers
Broken mirror , Mosaic garden gazing ball
Broken mirror , Mosaic lamp base
Broken mirror , Mosaic wind chimes
Broken mirror , Mosaic outdoor table
Broken mirror , Mosaic bathroom tiles
Broken mirror , Mosaic kitchen backsplash
Broken mirror , Mosaic plant pot saucer
Broken mirror , Mosaic garden bench
Broken mirror , Mosaic wall mirror
Broken mirror , Mosaic decorative bowl
Broken mirror , Mosaic outdoor fire pit
Broken mirror , Mosaic garden sculpture
Broken mirror , Mosaic birdbath
Broken mirror , Mosaic dresser top
Broken mirror , Mosaic bookends
Broken mirror , Mosaic photo album cover
Broken mirror , Mosaic jewelry stand
Broken mirror , Mosaic wall sconce
Broken mirror , Mosaic door sign
Broken mirror , Mosaic table lamp
Broken mirror , Mosaic garden path
Broken mirror , Mosaic outdoor fountain
Broken mirror , Mosaic room divider
Broken mirror , Mosaic headboard
Broken mirror , Mosaic drawer fronts
Broken mirror , Mosaic light switch plate
Broken mirror , Mosaic tissue box cover
Broken mirror , Mosaic soap dish
Broken mirror , Mosaic toothbrush holder
Broken mirror , Mosaic napkin holder
Broken mirror , Mosaic trivet
Broken mirror , Mosaic wall hook
Broken mirror , Mosaic key holder
Broken mirror , Mosaic address plaque
Broken mirror , Mosaic garden marker
Broken mirror , Mosaic sun catcher
Metal , Metal sculpture
Metal , Metal wall art
Metal , Metal wind chimes
Metal , Metal garden stakes
Metal , Metal candle holder
Metal , Metal bookends
Metal , Metal coat rack
Metal , Metal plant stand
Metal , Metal wall clock
Metal , Metal bottle opener
Metal , Metal key holder
Metal , Metal drawer pulls
Metal , Metal picture frame
Metal , Metal garden trellis
Metal , Metal bird feeder
Metal , Metal wine rack
Metal , Metal desk organizer
Metal , Metal wall planter
Metal , Metal business card holder
Metal , Metal napkin rings
Metal , Metal table lamp
Metal , Metal outdoor fire pit
Metal , Metal garden bench
Metal , Metal wall mirror
Metal , Metal decorative bowl
Metal , Metal garden sculpture
Metal , Metal birdbath
Metal , Metal jewelry stand
Metal , Metal wall sconce
Metal , Metal door sign
Metal , Metal outdoor fountain
Metal , Metal room divider
Metal , Metal headboard
Metal , Metal light switch plate
Metal , Metal soap dish
Metal , Metal toothbrush holder
Metal , Metal trivet
Metal , Metal wall hook
Metal , Metal address plaque
Metal , Metal garden marker
Metal , Metal sun catcher
Metal , Metal wind spinner
Metal , Metal letter organizer
Metal , Metal pen holder
Metal , Metal memo clip
Metal , Metal photo holder
Metal , Metal table number stand
Metal , Metal place card holder
Metal , Metal menu stand
Metal , Metal book mark
